;Level;HTML File Name;Section Name
<ul>
"<li class=""navi""><a href=""MAS_Features_Introduction.html""><div class=""navi""> Introduction </div></a></li>";;MAS_Features_Introduction.html;Introduction
"<li class=""navi""><a href=""TAB_Features_Workflow.html""><div class=""navi""> Workflow </div></a></li>";;TAB_Features_Workflow.html;Workflow
"<li class=""navi""><a href=""GUI_Features_User_Guide.html""><div class=""navi""> User Guide </div></a></li>";;GUI_Features_User_Guide.html;User Guide
"<li class=""navi""><a href=""LAN_Features_Language_Guide.html""><div class=""navi""> Language Guide </div></a></li>";;LAN_Features_Language_Guide.html;Language Guide
"<li class=""navi""><a href=""LIB_Features_Function_Library.html""><div class=""navi""> Function Library </div></a></li>";;LIB_Features_Function_Library.html;Function Library
"<li class=""navi""><div> <hr> </div></li>";
"<li class=""navi""><a href=""TAB_Features_Index.html""><div class=""navi""> Index </div></a></li>";;TAB_Features_Index.html;Index
"<li class=""navi""><div> <hr> </div></li>";
"<li class=""navi""><a href=""TAB_Features_Table_of_Contents.html""><div class=""navi""> Table of Contents </div></a></li>";1;TAB_Features_Table_of_Contents.html;Table of Contents
"<li class=""navi""><a href=""TAB_Features_Workflow.html""><div class=""navi""> Workflow </div></a></li>";1;TAB_Features_Workflow.html;Workflow
</ul>
